,station_name,station_name_eng,station_address,station_longitude,station_latitude,station_type,geometry
1,กรุงเทพ,Bangkok,อาคารใบหยก 2 เขตราชเทวี กรุงเทพมหานคร ,100.54026999999999,13.7543,M,POINT (100.54027 13.7543)
2,เขาฉลาก,Khao Chalak,เขาฉลาก ถ.สุขุมวิท ต.บางพระ  อ.ศรีราชา จ.ชลบุรี ,100.949558,13.190653,A1,POINT (100.949558 13.190653)
3,พัทยา,Pattaya,เขาพระตำหนัก ต.หนองปรือ อ.บางละมุง จ.ชลบุรี,100.86645,12.921333,A1,POINT (100.86645 12.921333)
4,จอมบึง,Chom Bueng,ต.จอมบึง อ.จอมบึง จ.ราชบุรี,99.613515,13.627185,A2,POINT (99.61351500000001 13.627185)
5,บ่อทอง,Bo Thong,หมู่ที่ 1 ต.บ่อทอง อ.บ่อทอง จ.ชลบุรี,101.44181,13.291820000000001,A2,POINT (101.44181 13.29182)
6,สมุทรสงคราม,Samut Songkhram,50/42 ซ.บางจะเกร็ง 4  ต.แม่กลอง อ.เมือง จ.สมุทรสงคราม,99.994444,13.385428,A2,POINT (99.994444 13.385428)
7,ท่าตะเกียบ,Tha Takiap,หมู่ที่ 18 ต.ท่าตะเกียบ อ.ท่าตะเกียบ จ.ฉะเชิงเทรา ,101.62501999999999,13.47383,A3,POINT (101.62502 13.47383)
8,กาญจนบุรี,Kanchana Buri,17 หมู่ที่ 5 ต.หนองบัว อ.เมือง จ.กาญจนบุรี,99.420556,14.074444,M,POINT (99.420556 14.074444)
9,ไทรโยค,Sai Yok ,ต.ลุ่มสุ่ม อ.ไทรโยค จ.กาญจนบุรี,99.158136,14.125748000000002,A2,POINT (99.158136 14.125748)
10,ทองผาภูมิ,Thong Pha Phum,เขาเสาหงษ์ ต.ท่าขนุน อ.ทองผาภูมิ จ.กาญจนบุรี,98.670663,14.751217,A2,POINT (98.670663 14.751217)
11,สังขละบุรี,Sangkhla Buri,112 หมู่ที่ 2 ต.หนองลู อ.สังขละบุรี จ.กาญจนบุรี ,98.444913,15.13977,A3,POINT (98.444913 15.13977)
12,หนองปรือ,Nong Prue,หมู่ที่ 1 บ้านหนองสาหร่าย อ.หนองปรือ อ.หนองปรือ จ.กาญจนบุรี ,99.464504,14.603817000000001,A3,POINT (99.46450400000001 14.603817)
13,สิงห์บุรี,Singburi,29/1 หมู่ที่ 9 ต.ท่าข้าม อ.ค่ายบางระจัน จ.สิงห์บุรี,100.377004,14.836115,M,POINT (100.377004 14.836115)
14,สุพรรณบุรี,Suphan Buri,228  หมู่ที่ 1 ถ.สุพรรณบุรี-ป่าโมก ต.โคกโคเฒ่า อ.เมือง จ.สุพรรณบุรี ,100.180238,14.463391,A1,POINT (100.180238 14.463391)
15,วังคัน ,Dan Chang 2,ต.วังคัน อ.ด่านช้าง จ.สุพรรณบุรี,99.666599,14.928687,A1,POINT (99.66659900000001 14.928687)
16,มวกเหล็ก,Muak Lek,เขาแผงม้า ต.มิตรภาพ   อ.มวกเหล็ก จ.สระบุรี ,101.153715,14.652014999999999,A1,POINT (101.153715 14.652015)
17,สระบุรี,Saraburi,ศูนย์การทหารม้า ค่ายอดิสร ต.ปากเพรียว อ.เมือง จ.สระบุรี ,100.921747,14.511464000000002,A1,POINT (100.921747 14.511464)
18,ด่านช้าง,Dan Chang,อ.ด่านช้าง จ.สุพรรณบุรี,99.75258199999999,14.852947,A3,POINT (99.75258199999999 14.852947)
19,ชัยบาดาล,Chai Badan,หมู่ที่ 5 ต.นิคมลำนารายณ์  อ.ชัยบาดาล  จ.ลพบุรี,101.14586,15.23785,A3,POINT (101.14586 15.23785)
20,โคกเจริญ,Khok Charoen,ต.โคกเจริญ อ.โคกเจริญ จ.ลพบุรี,100.83514100000001,15.414551999999999,A2,POINT (100.835141 15.414552)
21,ระยอง,Rayong,เขายายดา ต.บ้านเพ อ.เมือง จ.ระยอง ,101.412925,12.675987,M,POINT (101.412925 12.675987)
22,โป่งน้ำร้อน,Pong Nam Ron,ต.ทับไทร อ.โป่งน้ำร้อน จ.จันทบุรี ,102.274523,12.8897,A2,POINT (102.274523 12.8897)
23,จันทบุรี,Chanthaburi,ต.ท่าช้าง อ.เมือง จ.จันทบุรี ,102.090514,12.659358000000001,A3,POINT (102.090514 12.659358)
24,แก่งหางแมว,Kaeng Hang Maeo,หมู่ที่ 1 ต.แก่งหางแมว อ.แก่งหางแมว จ.จันทบุรี ,101.90871,13.01215,A3,POINT (101.90871 13.01215)
25,สระแก้ว,Sakaeo,2 ถ.คลองนางชิง ต.ท่าเกษม อ.เมือง จ.สระแก้ว,102.104231,13.804003,M,POINT (102.104231 13.804003)
26,ปราจีนบุรี,Prachin Buri,ค่ายพรหมโยธี ต.บ้านพระ อ.เมือง จ.ปราจีนบุรี ,101.373767,14.141941000000001,A1,POINT (101.373767 14.141941)
27,ตาพระยา,Ta Phraya,ต.ตาพระยา อ.ตาพระยา จ.สระแก้ว,102.804796,14.002854000000001,A2,POINT (102.804796 14.002854)
28,ตราด,Trat,เขาวงเวียน ต.บางปิด อ.แหลมงอบ จ.ตราด,102.29844,12.19551,M,POINT (102.29844 12.19551)
29,ประจวบคีรีขันธ์,Prachaub Khiri Khun,เขาทุ่งกระต่ายขัง ต.คั่นกะได อ.เมือง จ.ประจวบคีรีขันธ์,99.8013,11.90594,M,POINT (99.8013 11.90594)
30,หัวหิน,Hua Hin,เขาหินเหล็กไฟ อ.หัวหิน จ.ประจวบคีรีขันธ์,99.935176,12.565142,A1,POINT (99.935176 12.565142)
31,เพชรบุรี,Phetchaburi,เขาบันไดอิฐ 1 หมู่ที่ 5 ต.บ้านหม้อ อ.เมือง จ.เพชรบุรี ,99.929012,13.104522,A1,POINT (99.929012 13.104522)
32,ทับสะแก,Thap Sakae,เขาสมอสาม ถ.เพชรเกษม ต.อ่างทอง อ.ทับสะแก จ.ประจวบคีรีขันธ์,99.58825,11.41896,A1,POINT (99.58825 11.41896)
33,ปากน้ำปราณ,Pak Nam Pran,ต.ปากน้ำปราณ อ.ปราณบุรี จ.ประจวบคีรีขันธ์,99.990111,12.342,A3,POINT (99.990111 12.342)
34,นครราชสีมา,Nakhon Ratchasima,272 หมู่ที่ 9 ต.โคกกรวด อ.เมือง จ.นครราชสีมา,101.995052,14.947688000000001,M,POINT (101.995052 14.947688)
35,ชุมพวง,Chum Phuang,94 หมู่ที่ 19 ต.โนนรัง อ.ชุมพวง จ.นครราชสีมา,102.79406,15.27316,A1,POINT (102.79406 15.27316)
36,เขายายเที่ยง,Khao Yai Thiang,เขายายเที่ยง 111 หมู่ที่ 12  ต.หนองสาหร่าย  อ.ปากช่อง  จ.นครราชสีมา  ,101.546679,14.78609,A1,POINT (101.546679 14.78609)
37,เขาสลัดได,Wang Nam Khiao,เขาสลัดได อ.วังน้ำเขียว  จ.นครราชสีมา,101.90061999999999,14.415441,A3,POINT (101.90062 14.415441)
38,ชัยภูมิ,Chaiyaphum,412 หมู่ที่ 1 ต.บุ่งคล้า อ.เมือง จ.ชัยภูมิ,102.02674,15.72957,M,POINT (102.02674 15.72957)
39,หนองบัวแดง 1,Nong Bua Daeng,ภูแลนคา  อ. หนองบัวแดง  จ. ชัยภูมิ,101.8953,15.999857999999998,A1,POINT (101.8953 15.999858)
40,หนองบัวแดง 2,Nong Bua Daeng 2,ต.หนองบัวแดง อ.หนองบัวแดง จ.ชัยภูมิ ,101.804348,16.082553,A2,POINT (101.804348 16.082553)
41,ภักดีชุมพล,Phakdi Chumphon,ต.เจาทอง อ.ภักดีชุมพล จ.ชัยภูมิ,101.423038,15.906293,A3,POINT (101.423038 15.906293)
42,เทพสถิต,Thep Sathit,ต.วะตะแบก อ.เทพสถิตย์ จ.ชัยภูมิ,101.43777299999999,15.389768,A3,POINT (101.437773 15.389768)
43,สุรินทร์,Surin,227 หมู่ที่ 1 ต.แกใหญ่ อ.เมือง จ.สุรินทร์,103.50768000000001,14.91952,M,POINT (103.50768 14.91952)
44,บุรีรัมย์,Buriram,218 หมู่ที่ 13  ต.เสม็ด  อ.เมือง  จ.บุรีรัมย์,103.098123,14.934247000000001,A1,POINT (103.098123 14.934247)
45,นางรอง,Nang Rong,ต.นางรอง   อ.นางรอง  จ.บุรีรัมย์,102.70518,14.643154000000001,A3,POINT (102.70518 14.643154)
46,ศรีสะเกษ,Sisaket,ต.ซำ อ.เมือง จ.ศรีสะเกษ,104.345228,15.042330999999999,M,POINT (104.345228 15.042331)
47,กันทรลักษ์,Kantharalak,ต.น้ำอ้อม  อ.กันทรลักษ์  จ.ศรีสะเกษ,104.651717,14.641479,A2,POINT (104.651717 14.641479)
48,อุบลราชธานี,Ubon Ratchathani,122 หมู่ที่ 7 ต.หนองบก อ.เหล่าเสือโก๊ก จ.อุบลราชธานี,104.92361100000001,15.381667000000002,M,POINT (104.923611 15.381667)
49,อำนาจเจริญ,Amnat Charoen,ศูนย์ราชการที่ 1 ถ.ชยางกูร อ.เมือง จ.อำนาจเจริญ,104.618922,15.898967,A1,POINT (104.618922 15.898967)
50,บุณฑริก,Buntharik,ต.โพนงาม อ.บุณฑริก จ.อุบลราชธานี ,105.413027,14.756517,A2,POINT (105.413027 14.756517)
51,น้ำยืน,Nam Yuen,ต.สีวิเชียร ต.น้ำยืน จ.อุบลราชธานี ,105.002684,14.49017,A2,POINT (105.002684 14.49017)
52,ปทุมราชวงศา,Pathum Ratchawongsa,หมู่ที่ 7 ต.คำโพน อ.ปทุมราชวงศา จ.อำนาจเจริญ ,104.98596,15.9419,A3,POINT (104.98596 15.9419)
53,โพธิ์ไทร,Pho Sai,ต.เหล่างาม อ.โพธิ์ไทร จ.อุบลราชธานี,105.37803600000001,15.784942000000001,A3,POINT (105.378036 15.784942)
54,มุกดาหาร,Mukdahan,212 หมู่ที่ 3 ถ.ชยางกูร ต.บางทรายใหญ่ อ.เมือง จ.มุกดาหาร,104.718181,16.613679,M,POINT (104.718181 16.613679)
55,ภูหินขัน,Phu Hin Khan,ภูหินขัน 320 หมู่ที่ 1 ต.คำอาฮวน   อ.เมือง จ.มุกดาหาร  ,104.629602,16.468387,A1,POINT (104.629602 16.468387)
56,ดงหลวง,Dong Luang,ต.ดงหลวง อ.ดงหลวง จ.มุกดาหาร ,104.537077,16.814992,A3,POINT (104.537077 16.814992)
57,ร้อยเอ็ด,Roi ET,59  หมู่ที่ 14 ถ.รัฐกิจไกลคลา ต.รอบเมือง อ.เมือง จ.ร้อยเอ็ด,103.62420999999999,15.97835,M,POINT (103.62421 15.97835)
58,ยโสธร,Yasothon,10 ถ.เทศบาล 1 ต.ในเมือง อ.เมือง จ.ยโสธร,104.142504,15.803563,A1,POINT (104.142504 15.803563)
59,ขอนแก่น,Khon Kaen,205 หมู่ที่ 8 ต.โคกสี อ.เมือง จ.ขอนแก่น,102.94622199999999,16.463686,M,POINT (102.946222 16.463686)
60,ชุมแพ,Chum Phae,115 หมู่ที่ 9 ต.ชุมแพ อ.ชุมแพ จ.ขอนแก่น,102.041455,16.549452,A1,POINT (102.041455 16.549452)
61,ภูสิงห์,Phu Sing,ต.ภูสิงห์ อ.สหัสขันธ์ จ.กาฬสินธุ์,103.51861099999999,16.722777999999998,A1,POINT (103.518611 16.722778)
62,พล,Phon,อ.พล  จ.ขอนแก่น,102.60023199999999,15.809009,A1,POINT (102.600232 15.809009)
63,แก้งคร้อ,Kaeng Khro,ภูผาแดง อ.โคกโพธิ์ชัย จ.ขอนแก่น ,102.29565799999999,16.098189,A2,POINT (102.295658 16.098189)
64,เขาวง,Khao Wong,อ.เขาวง จ.กาฬสินธุ์ ,104.0895,16.69105,A3,POINT (104.0895 16.69105)
65,ภูเวียง,Phu Wiang,ต.ดินดำ  อ.ภูเวียง  จ.ขอนแก่น,102.43256,16.75968,A3,POINT (102.43256 16.75968)
66,เลย,Loei,ภูผาสาด ต.สานตม อ.ภูเรือ จ.เลย,101.444519,17.470654999999997,M,POINT (101.444519 17.470655)
67,หนองบัวลำภู,Nong Bua Lam Phu,อ.เมือง จ.หนองบัวลำภู,102.429346,17.228005,A1,POINT (102.429346 17.228005)
68,หนองหิน,Nong Hin,ต.หนองหิน อ.หนองหิน จ.เลย,101.850967,17.136145000000003,A3,POINT (101.850967 17.136145)
69,เชียงกลม,Chiang Klom,ต.เชียงกลม อ.ปากชม จ.เลย,101.933286,17.83985,A3,POINT (101.933286 17.83985)
70,อุดรธานี,Udonthani,179 หมู่ที่ 13 ต.บ้านธาตุ อ.เพ็ญ จ.อุดรธานี,102.794088,17.664041,M,POINT (102.794088 17.664041)
71,น้ำโสม,Nam Som,ภูตะแคง อ.น้ำโสม  จ.อุดรธานี,102.18922099999999,17.79859,A2,POINT (102.189221 17.79859)
72,บึงกาฬ,Buengkan,328 หมู่ที่ 6 ถ.สามยอดเทวกุล อ.เมือง จ.บึงกาฬ,103.55319,18.354689999999998,M,POINT (103.55319 18.35469)
73,สกลนคร,Sakhon Nakhon,ภูพาน ต.ห้วยยาง อ.เมือง จ.สกลนคร,103.98751999999999,17.13805,M,POINT (103.98752 17.13805)
74,นครพนม,Nakhon Phanom,135 หมู่ที่ 10 บ้านหนองบัว ต.หนองญาติ อ.เมือง จ.นครพนม ,104.770131,17.374367000000003,A1,POINT (104.770131 17.374367)
75,บ้านแพง,Ban Phaeng,หมู่ที่ 11 ต.บ้านแพง อ.บ้านแพง จ.นครพนม ,104.227242,17.947719,A3,POINT (104.227242 17.947719)
76,เชียงใหม่,Chiang Mai,ดอยสุเทพ ต.สุเทพ อ.เมือง จ.เชียงใหม่,98.91502,18.808139999999998,M,POINT (98.91502 18.80814)
77,ไชยปราการ,Chai Prakan,ดอยผาหงษ์ ต.ศรีดงเย็น   อ.ไชยปราการ จ.เชียงใหม่ ,99.14483,19.62848,A1,POINT (99.14483 19.62848)
78,เชียงดาว(เขาห้วยหินฝน),Chiang Dao,เขาห้วยหินฝน อ.เชียงดาว  จ.เชียงใหม่,98.951143,19.250543,A1,POINT (98.951143 19.250543)
79,พร้าว,Phrao,ถ.หมายเลข 1150 ต.เวียง อ.พร้าว จ.เชียงใหม่,99.200397,19.346154000000002,A2,POINT (99.200397 19.346154)
80,ลี้ ,Li,ถ.หมายเลข 106 ต.ลี้ อ.ลี้ จ.ลำพูน,98.95633199999999,17.779373,A2,POINT (98.95633199999999 17.779373)
81,ดอยเต่า,Doi Tao,ต.ท่าเดื่อ  อ.ดอยเต่า  จ.เชียงใหม่,98.7158,17.93583,A2,POINT (98.7158 17.93583)
82,เวียงแหง,Wiang Haeng,ดอยเลาวู ต.เมืองแหง อ.เวียงแหง จ.เชียงใหม่,98.72400999999999,19.521279999999997,A2,POINT (98.72400999999999 19.52128)
83,แม่แจ่ม,Mae Chaem,ต.ช่างเคิ่ง อ.แม่แจ่ม จ.เชียงใหม่ ,98.36475,18.496925,A3,POINT (98.36475 18.496925)
84,สะเมิง,Samoeng,ต.สะเมิงใต้ อ.สะเมิง จ.เชียงใหม่,98.73664000000001,18.85001,A3,POINT (98.73664000000001 18.85001)
85,แม่อาย,Mae Ai,ถ.บ้านสันโค้ง ต.แม่อาย อ.แม่อาย จ.เชียงใหม่,99.342276,20.024309,A3,POINT (99.342276 20.024309)
86,แม่ฮ่องสอน1,Mae Hong Son1,ดอยกองมู ต.จองคำ อ.เมือง จ.แม่ฮ่องสอน,97.95795,19.29755,M,POINT (97.95795 19.29755)
87,แม่ฮ่องสอน2,Mae Hong Son2,ดอยห้วยนางปุ๊ 41  หมู่ที่ 11 ต.ห้วยโป่ง อ.เมือง จ.แม่ฮ่องสอน ,98.034777,19.1065,A1,POINT (98.03477700000001 19.1065)
88,แม่สะเรียง,Mae Sareang, 259 หมู่ที่ 3  ต.แม่สะเรียง  อ.แม่สะเรียง จ.แม่ฮ่องสอน ,97.944614,18.169806,A1,POINT (97.944614 18.169806)
89,ปาย,Pai,222  หมู่ที่ 2  ต.แม่นาเติง  อ.ปาย   จ. แม่ฮ่องสอน ,98.42124799999999,19.385555,A1,POINT (98.42124799999999 19.385555)
90,ลำปาง,Lampang,ดอยโตน ต.พระบาท อ.เมือง จ.ลำปาง,99.560597,18.234928,M,POINT (99.560597 18.234928)
91,เถิน,Thoen,เขา 716 ถ.เถิน-ลี้ ต.ล้อมแรด อ.เถิน จ.ลำปาง ,99.10484,17.66402,A1,POINT (99.10484 17.66402)
92,วังเหนือ,Wang Nuea,หมู่ที่ 6 ต.วังเหนือ อ.วังเหนือ จ.ลำปาง ,99.61201,19.170479999999998,A2,POINT (99.61201 19.17048)
93,งาว,Ngao,หมู่ที่ 8 ต.บ้านโป่ง อ.งาว จ.ลำปาง ,99.95493,18.71786,A3,POINT (99.95493 18.71786)
94,เชียงราย,Chiang Rai,ดอยปุย ต.สันทราย อ.เมือง จ.เชียงราย,99.867041,19.813755,M,POINT (99.867041 19.813755)
95,พะเยา1,Phayao1,104  หมู่ที่ 14  ต.บ้านต๋อม  อ.เมือง  จ.พะเยา  ,99.880542,19.194063,A1,POINT (99.88054200000001 19.194063)
96,พะเยา2,Phayao2,ต.แม่กา อ. เมือง จ.พะเยา  ,99.911417,18.988389,A1,POINT (99.911417 18.988389)
97,เชียงของ,Chiang Khong,70 หมู่ที่ 2  ต.เวียง  อ.เชียงของ จ.เชียงราย ,100.411051,20.246216,A2,POINT (100.411051 20.246216)
98,เวียงป่าเป้า,Wiang Pa Pao,199 หมู่ที่3 ถ.เชียงใหม่-เชียงราย ต.เวียง อ.เวียงป่าเป้า จ.เชียงราย ,99.508308,19.344348,A2,POINT (99.508308 19.344348)
99,แม่สรวย,Mae Suai,ดอยม่อนป่าก๋อย อ.แม่สรวย  จ.เชียงราย,99.466883,19.663794,A2,POINT (99.466883 19.663794)
100,แม่ฟ้าหลวง,Mae Fa Luang,ต.เทอดไทย อ.แม่ฟ้าหลวง จ.เชียงราย,99.66722,20.238833,A3,POINT (99.66722 20.238833)
101,เวียงแก่น,Wiang Kaen,ต.หล่ายงาว อ.เวียงแก่น จ.เชียงราย,100.501612,20.112444,A3,POINT (100.501612 20.112444)
102,ภูซาง,Phu Sang,ต.ป่าสัก  อ.ภูซาง  จ.พะเยา,100.343944,19.605110999999997,A3,POINT (100.343944 19.605111)
103,ปง,Pong,อ.ปง  จ.พะเยา,100.27496500000001,19.153969,A3,POINT (100.274965 19.153969)
104,เชียงม่วน,Chiang Muan,อ.เชียงม่วน  จ.พะเยา,100.29207,18.885285999999997,A3,POINT (100.29207 18.885286)
105,น่าน,Nan,เขาหินแก้ว ถ.ยันตรกิจโกศล อ.เมือง จ.น่าน,100.74115,18.742639999999998,M,POINT (100.74115 18.74264)
106,ปัว,Chiang Klang,ดอยหินแก้ว  อ.ปัว  จ.น่าน,100.82204,19.219755,A1,POINT (100.82204 19.219755)
107,แพร่,Phrae,ดอยปกกะโล้ง ต.ไทรย้อย อ.เด่นชัย จ.แพร่,100.00103,17.93269,M,POINT (100.00103 17.93269)
108,วังชิ้น,Wang Chin,หมู่ที่ 4 ต.วังชิ้น อ.วังชิ้น จ.แพร่ ,99.59257,17.89076,A2,POINT (99.59256999999999 17.89076)
109,อุตรดิตถ์,Utaradit,ต.คุ้งตะเภา อ.เมือง จ.อุตรดิตถ์,100.125433,17.619685999999998,M,POINT (100.125433 17.619686)
110,น้ำปาด,Nam Pat,หมู่ที่ 3 บ้านต้นม่วง ต.เด่นเหล็ก อ.น้ำปาด จ.อุตรดิตถ์ ,100.78435999999999,17.83896,A3,POINT (100.78436 17.83896)
111,สุโขทัย,Sukhothai,94/1 หมู่ที่ 3 ต.ไกรนอก อ.กงไกรลาศ จ.สุโขทัย ,100.010563,16.984763,M,POINT (100.010563 16.984763)
112,กำแพงเพชร,Kamphaeng Phet, 143/2 หมู่ที่ 6 ถ.เลี่ยงเมือง ต.หนองปลิง อ.เมือง จ.กำแพงเพชร ,99.52404,16.517986999999998,A1,POINT (99.52404 16.517987)
113,คลองลาน,Khlong Lan,ต.คลองน้ำไหล อ. คลองลาน จ.กำแพงเพชร ,99.31922800000001,16.204276999999998,A2,POINT (99.31922800000001 16.204277)
114,นครไทย,Nakhon Thai,ห้วยหินลาด ต.บ้านแยง อ.นครไทย จ.พิษณุโลก,100.85645600000001,16.873538,A2,POINT (100.856456 16.873538)
115,ตาก,Tak,เขา 1010 ถ.ตาก-แม่สอด ต.แม่ท้อ อ.เมือง จ.ตาก,98.927687,16.778691000000002,M,POINT (98.92768700000001 16.778691)
116,แม่สอด,Mae Sot,488 หมู่ที่ 10 ต.แม่ปะ อ.แม่สอด จ.ตาก ,98.56652199999999,16.732602,A1,POINT (98.56652199999999 16.732602)
117,พบพระ,Phop Phra,หมู่ที่ 2 ต.พบพระ อ.พบพระ จ.ตาก ,98.695559,16.397134,A2,POINT (98.695559 16.397134)
118,ท่าสองยาง,Tha Song Yang,ต.แม่ต้าน อ.ท่าสองยาง จ.ตาก ,98.225902,17.226641,A3,POINT (98.225902 17.226641)
119,นครสวรรค์,Nakhon Sawan,เขากบ ต.ปากน้ำโพ อ.เมือง จ.นครสวรรค์,100.13358000000001,15.716170000000002,M,POINT (100.13358 15.71617)
120,พิจิตร,Pichit,อ.เมือง  จ.พิจิตร,100.320572,16.448242999999998,A1,POINT (100.320572 16.448243)
121,ลานสัก,Lan Sak,หมู่ที่ 1 ต.ลานสัก อ.ลานสัก จ.อุทัยธานี,99.549318,15.459916,A2,POINT (99.549318 15.459916)
122,เพชรบูรณ์,Phetchaboon,179  หมู่ที่ 7  ต.วังชมภู  อ.เมือง จ.เพชรบูรณ์,101.071373,16.251014,M,POINT (101.071373 16.251014)
123,วิเชียรบุรี,Wichian Buri,ต.ท่าโรง อ.วิเชียรบุรี  จ.เพชรบรูณ์,101.103522,15.656473000000002,A1,POINT (101.103522 15.656473)
124,หล่มสัก,Lom Sak, 2 ซ.มิตรสามัคคี ต.หล่มสัก อ.หล่มสัก จ.เพชรบูรณ์ ,101.243544,16.7854,A2,POINT (101.243544 16.7854)
125,เขาค้อ,Khao Kho,เขาค้อ อ.เขาค้อ  จ.เพชรบูรณ์,100.994167,16.6275,A3,POINT (100.994167 16.6275)
126,ชนแดน,Chon Daen,หมู่ที่ 23 บ้านห้วยงาช้าง ต.พุทธบาท อ.ชนแดน จ.เพชรบูรณ์ ,100.951748,16.195959,A3,POINT (100.951748 16.195959)
127,ชุมพร,Chumphon,46/14 หมู่ที่ 3 ต.บางลึก  อ.เมือง จ.ชุมพร,99.19148,10.53081,M,POINT (99.19148 10.53081)
128,หลังสวน,Lang Suan,ถ.เพชรเกษม ต.วังตะกอ  อ.หลังสวน  จ.ชุมพร  ,99.064853,9.959558,A1,POINT (99.064853 9.959557999999999)
129,ท่าแซะ,Tha Sae,อ.ท่าแซะ  จ.ชุมพร,99.21555500000001,10.835377000000001,A1,POINT (99.21555500000001 10.835377)
130,สวี,Sa Wi,ต.เขาทะลุ อ.สวี จ.ชุมพร,98.931172,10.227609,A3,POINT (98.931172 10.227609)
131,พะโต๊ะ,Pha To,อ.พะโต๊ะ  จ.ชุมพร,98.77573000000001,9.79382,A3,POINT (98.77573000000001 9.79382)
132,ระนอง,Ranong,เขาเมืองสูง ต.บางนอน อ.เมือง จ.ระนอง,98.66948599999999,10.028664,M,POINT (98.66948599999999 10.028664)
133,กระบุรี,Kra Buri,เขาหินลุ  ต.วังใหม่ อ.เมือง จ.ชุมพร,98.8944,10.4819,A3,POINT (98.8944 10.4819)
134,กะเปอร์,Ka Poe,เขา 221 อ.กะเปอร์  จ.ระนอง,98.52367,9.532969999999999,A3,POINT (98.52367 9.532969999999999)
135,สุราษฎร์ธานี,Surat Thani,เขาท่าเพชร ต.มะขามเตี้ย อ.เมือง จ.สุราษฎร์ธานี,99.34853000000001,9.09233,M,POINT (99.34853000000001 9.09233)
136,เกาะสมุย,Ko Samui,สถานีโทรคมนาคมเกาะสมุย ต.ลิปะน้อย อ.เกาะสมุย จ.สุราษฎร์ธานี,99.98810999999999,9.49066,A1,POINT (99.98810999999999 9.49066)
137,พนม,Phanom,สถานีโทรคมนาคมทับคริสต์ ต.บ้านยวน อ.พนม จ.สุราษฎร์ธานี,98.80176,8.753851,A2,POINT (98.80176 8.753850999999999)
138,คีรีรัฐนิคม,Khiri Rat Nikhom,ชุมสายโทรศัพท์คีรีรัฐนิคม ต.ท่าขนอน อ.คีรีรัฐนิคม จ.สุราษฎร์ธานี,98.9460334,9.033368,A2,POINT (98.9460334 9.033367999999999)
139,เวียงสระ,Wiang Sa,ชุมสายโทรศัพท์เวียงสระ TOT อ.เวียงสระ จ.สุราษฎร์ธานี,99.342676,8.628681,A3,POINT (99.342676 8.628681)
140,เกาะพะงัน,Ko Pha-Ngan,ชุมสายโทรศัพท์เกาะพะงัน  ตำบลเกาะพะงัน  อำเภอเกาะพะงัน จังหวัดสุราษฎานี,99.99106,9.70883,A3,POINT (99.99106 9.708830000000001)
141,ภูเก็ต,Phuket,เขาโต๊ะแซะ ถ.เขารังใน ต.รัษฎา อ.เมือง จ.ภูเก็ต,98.3953,7.89871,M,POINT (98.39530000000001 7.89871)
142,ตะกั่วป่า,Takua Pa,หมู่  6 เขามามั่ง  ต.บางไทร อ.ตะกั่วป่า จ. พังงา 82110,98.350806,8.839694,A1,POINT (98.35080600000001 8.839694)
143,กระบี่,Krabi,"สวท.กระบี่ , ถนนท่าเรือ ต.ปากน้ำ อ.เมือง จ.กระบี่ 81000",98.90665600000001,8.063,A1,POINT (98.90665600000001 8.063000000000001)
144,พังงา,Phang-Nga,สวท.พังงา เลขที่ 2 ถนนเทศบาลบำรุง ต.ท้ายช้าง อ.เมือง จ.พังงา 82000 (เขาช้าง),98.50654,8.434645,A1,POINT (98.50654 8.434645)
145,ป่าตอง,Pa Tong,ต.ป่าตอง อ.กะทู้ จ.ภูเก็ต,98.29670300000001,7.882851,A3,POINT (98.29670300000001 7.882851)
146,ถลาง,Tha-Lang,สถานีส่งสัญญาณโทรทัศน์ ส.ส.ท.  ถลาง  ตำบลศรีสุนทร  อำเภอถลาง  จังหวัดภูเก็ต,98.32758000000001,7.99277,A2,POINT (98.32758000000001 7.99277)
147,ปลายพระยา,Plai Phraya,ชุมสายโทรศัพท์ปลายพระยา  อ.ปลายพระยา   จ.กระบี่,98.863561,8.529853,A2,POINT (98.863561 8.529852999999999)
148,ทุ่งมะพร้าว,Thung Maphrao,หมู่ 10 ต.ทุ่งมะพร้าว อ.ท้ายเหมือง จ.พังงา 82120,98.34982,8.541,A3,POINT (98.34981999999999 8.541)
149,เขาแหลมหินช้าง,Khao Laem Hin Chang,สถานีโทรคมนาคมเขาแหลมหินช้าง ต.ลำแก่น อ.ท้ายเมือง จ.พังงา 82210,98.23733,8.61996,A3,POINT (98.23733 8.619960000000001)
150,คุระบุรี,Khura Buri,เขา 503 อ.คุระบุรี  จ.พังงา,98.44569399999999,9.126439999999999,A3,POINT (98.44569399999999 9.126439999999999)
151,กะรน,Ka Ron,หาดกะตะน้อย ต.กะรน เมืองภูเก็ต,98.301011,7.823242,A3,POINT (98.301011 7.823242)
152,บ้านกมลา,Ka Ma la,ต.กมลา อ.กะทู้ ภูเก็ต,98.283506,7.949086,A3,POINT (98.283506 7.949086)
153,นครศรีธรรมราช,Nakhon Sri Thumarat,ถ.นครศรีธรรมราช-หัวไทร  ต.ท่าเรือ อ.เมือง จ.นครศรีธรรมราช,99.97721,8.36679,M,POINT (99.97721 8.36679)
154,ทุ่งสง,Thung Song,สถานีวิทยุโทรทัศน์ สสท. ทุ่งสง ต.เขาขาว อ.ทุ่งสง จ.นครศรีธรรมราช,99.489998,8.210180000000001,A1,POINT (99.489998 8.210180000000001)
155,เขาดาดฟ้า,Khao Dat Fa,สถานีทวนสัญญาณเขาดาดฟ้า  อ.ขนอม  จ.นครศรีธรรมราช,99.82582,9.11856,A3,POINT (99.82581999999999 9.11856)
156,เขาคูหา,Khao Ku Ha,เขาคูหา (เขารามโรม),99.804722,8.236749,A3,POINT (99.804722 8.236749)
157,ตรัง,Trang,108 หมู่ที่ 5 ต.เขาวิเศษ อ.วังวิเศษ จ.ตรัง,99.486511,7.656956,M,POINT (99.48651099999999 7.656956)
158,ปะเหลียน,Pa-Lian,อ.ปะเหลียน  จ.ตรัง,99.68456,7.1702699999999995,A3,POINT (99.68456 7.170269999999999)
159,สงขลา,Song Khla,เขาคอหงส์ อ.หาดใหญ่ จ.สงขลา,100.51969,7.0151699999999995,M,POINT (100.51969 7.015169999999999)
160,เทพา,Thepha,หมู่ที่ 1 ต.ลำไพล อ.เทพา จ.สงขลา,100.938,6.73982,A2,POINT (100.938 6.73982)
161,นาทวี,Na Thawi,ต.คลองทราย    อ.นาทวี    จ.สงขลา,100.691846,6.741278,A2,POINT (100.691846 6.741278)
162,สตูล,Satun,ควนขี้หมา อ.เมือง จ.สตูล,100.0256,6.63537,M,POINT (100.0256 6.63537)
163,ยะลา,Yala,เขาปกโย๊ะ อ.บันนังสตา จ.ยะลา,101.389309,6.335338,M,POINT (101.389309 6.335338)
164,เบตง,Betong,1 หมู่ที่ 2 ต.เบตง  อ.เบตง จ.ยะลา   ,101.06776500000001,5.76206,A1,POINT (101.067765 5.76206)
165,สุไหงปาดี,Su-Ngai Padi,หมู่ที่ 6 ต.สุไหงปาดี  อ.สุไหงปาดี  จ.นราธิวาส,101.892606,6.143472,A1,POINT (101.892606 6.143472)
166,นราธิวาส,Narathiwat,220 หมู่ที่ 10  ต.ลำภู อ.เมือง จ.นราธิวาส ,101.80194399999999,6.411111,A1,POINT (101.801944 6.411111)
167,เมืองยะลา,Mueang Yala,เขาบือยอ อ.เมือง จ.ยะลา,101.283149,6.477219,A3,POINT (101.283149 6.477219)
168,ปะนาเระ,Pa Na Re,ต.ปะนาเระ อ.ปะนาเระ จ.ปัตตานี,101.489494,6.858061,A3,POINT (101.489494 6.858061)
